{
    "RPT": {
        "ScanTime": "0.04 sec.",
        "ScanFile": "leewardh_010722_0df2375cb582bea81809_20230107103215_scan.json",
        "Warnings": 0,
        "Success": 6
    },
    "SRV": {
        "PHP": {
            "websrv": true,
            "openbase": true,
            "maxtime": true,
            "mysqli": true,
            "version": true
        },
        "SYS": {
            "managedHost": true,
            "ALL": "Good"
        },
        "WP": {
            "version": true,
            "core": true,
            "ismu": false,
            "ALL": "Good"
        }
    },
    "ARC": {
        "Size": "0B",
        "DirCount": "0",
        "FileCount": "0",
        "FullCount": "0",
        "WarnFileCount": 0,
        "WarnDirCount": 0,
        "UnreadableDirCount": 0,
        "UnreadableFileCount": 0,
        "FilterDirsAll": [
            "\/home2\/leewardh\/public_html\/.opcache",
            "\/home2\/leewardh\/public_html\/wp-content\/ai1wm-backups",
            "\/home2\/leewardh\/public_html\/wp-content\/backups-dup-lite",
            "\/home2\/leewardh\/public_html\/wp-content\/backups-dup-pro",
            "\/home2\/leewardh\/public_html\/wp-content\/backupwordpress",
            "\/home2\/leewardh\/public_html\/wp-content\/bps-backup",
            "\/home2\/leewardh\/public_html\/wp-content\/cache",
            "\/home2\/leewardh\/public_html\/wp-content\/content\/cache",
            "\/home2\/leewardh\/public_html\/wp-content\/contents\/cache",
            "\/home2\/leewardh\/public_html\/wp-content\/infinitewp\/backups",
            "\/home2\/leewardh\/public_html\/wp-content\/managewp\/backups",
            "\/home2\/leewardh\/public_html\/wp-content\/old-cache",
            "\/home2\/leewardh\/public_html\/wp-content\/plugins\/all-in-one-wp-migration\/storage",
            "\/home2\/leewardh\/public_html\/wp-content\/updraft",
            "\/home2\/leewardh\/public_html\/wp-content\/uploads\/aiowps_backups",
            "\/home2\/leewardh\/public_html\/wp-content\/uploads\/backupbuddy_backups",
            "\/home2\/leewardh\/public_html\/wp-content\/uploads\/backupbuddy_temp",
            "\/home2\/leewardh\/public_html\/wp-content\/uploads\/ithemes-security\/backups",
            "\/home2\/leewardh\/public_html\/wp-content\/uploads\/mainwp\/backup",
            "\/home2\/leewardh\/public_html\/wp-content\/uploads\/pb_backupbuddy",
            "\/home2\/leewardh\/public_html\/wp-content\/uploads\/snapshots",
            "\/home2\/leewardh\/public_html\/wp-content\/uploads\/sucuri",
            "\/home2\/leewardh\/public_html\/wp-content\/uploads\/wp-clone",
            "\/home2\/leewardh\/public_html\/wp-content\/uploads\/wp_all_backup",
            "\/home2\/leewardh\/public_html\/wp-content\/uploads\/wpbackitup_backups",
            "\/home2\/leewardh\/public_html\/wp-content\/wfcache",
            "\/home2\/leewardh\/public_html\/wp-content\/wishlist-backup",
            "\/home2\/leewardh\/public_html\/wp-snapshots"
        ],
        "FilterFilesAll": [
            "error_log",
            "error.log",
            "debug_log",
            "ws_ftp.log",
            "dbcache",
            "pgcache",
            "objectcache",
            ".DS_Store",
            "\/home2\/leewardh\/public_html\/.htaccess",
            "\/home2\/leewardh\/public_html\/web.config",
            "\/home2\/leewardh\/public_html\/wp-config.php"
        ],
        "FilterExtsAll": [],
        "FilterInfo": {
            "Dirs": {
                "Warning": [],
                "Unreadable": [],
                "AddonSites": [],
                "Core": [
                    "\/home2\/leewardh\/public_html\/wp-snapshots",
                    "\/home2\/leewardh\/public_html\/wp-content\/backups-dup-lite",
                    "\/home2\/leewardh\/public_html\/.opcache",
                    "\/home2\/leewardh\/public_html\/wp-content\/backups-dup-pro",
                    "\/home2\/leewardh\/public_html\/wp-content\/ai1wm-backups",
                    "\/home2\/leewardh\/public_html\/wp-content\/backupwordpress",
                    "\/home2\/leewardh\/public_html\/wp-content\/content\/cache",
                    "\/home2\/leewardh\/public_html\/wp-content\/contents\/cache",
                    "\/home2\/leewardh\/public_html\/wp-content\/infinitewp\/backups",
                    "\/home2\/leewardh\/public_html\/wp-content\/managewp\/backups",
                    "\/home2\/leewardh\/public_html\/wp-content\/old-cache",
                    "\/home2\/leewardh\/public_html\/wp-content\/plugins\/all-in-one-wp-migration\/storage",
                    "\/home2\/leewardh\/public_html\/wp-content\/updraft",
                    "\/home2\/leewardh\/public_html\/wp-content\/wishlist-backup",
                    "\/home2\/leewardh\/public_html\/wp-content\/wfcache",
                    "\/home2\/leewardh\/public_html\/wp-content\/bps-backup",
                    "\/home2\/leewardh\/public_html\/wp-content\/cache",
                    "\/home2\/leewardh\/public_html\/wp-content\/uploads\/aiowps_backups",
                    "\/home2\/leewardh\/public_html\/wp-content\/uploads\/backupbuddy_temp",
                    "\/home2\/leewardh\/public_html\/wp-content\/uploads\/backupbuddy_backups",
                    "\/home2\/leewardh\/public_html\/wp-content\/uploads\/ithemes-security\/backups",
                    "\/home2\/leewardh\/public_html\/wp-content\/uploads\/mainwp\/backup",
                    "\/home2\/leewardh\/public_html\/wp-content\/uploads\/pb_backupbuddy",
                    "\/home2\/leewardh\/public_html\/wp-content\/uploads\/snapshots",
                    "\/home2\/leewardh\/public_html\/wp-content\/uploads\/sucuri",
                    "\/home2\/leewardh\/public_html\/wp-content\/uploads\/wp-clone",
                    "\/home2\/leewardh\/public_html\/wp-content\/uploads\/wp_all_backup",
                    "\/home2\/leewardh\/public_html\/wp-content\/uploads\/wpbackitup_backups"
                ],
                "Global": [],
                "Instance": []
            },
            "Files": {
                "Size": [],
                "Warning": [],
                "Unreadable": [],
                "AddonSites": [],
                "Core": [],
                "Global": [
                    "error_log",
                    "error.log",
                    "debug_log",
                    "ws_ftp.log",
                    "dbcache",
                    "pgcache",
                    "objectcache",
                    ".DS_Store"
                ],
                "Instance": []
            },
            "Exts": {
                "Core": [],
                "Global": [],
                "Instance": []
            },
            "UDirCount": 0,
            "UFileCount": 0,
            "UExtCount": 0,
            "TreeSize": [],
            "TreeWarning": []
        },
        "RecursiveLinks": [],
        "UnreadableItems": [],
        "Status": {
            "Size": "Good",
            "Names": "Good",
            "UnreadableItems": "Good",
            "MigratePackage": "Good",
            "CanbeMigratePackage": true,
            "showCreateProcFuncStatus": "Good",
            "showCreateProcFunc": true,
            "AddonSites": "Good"
        },
        "Dirs": [],
        "Files": []
    },
    "DB": {
        "Status": {
            "Success": true,
            "DB_Case": "Good",
            "DB_Rows": "Good",
            "DB_Size": "Good",
            "TBL_Case": "Good",
            "TBL_Rows": "Good",
            "TBL_Size": "Good",
            "Triggers": "Good"
        },
        "Size": 8809994,
        "Rows": 7252,
        "TableCount": 34,
        "TableList": {
            "wp_nquf_commentmeta": {
                "Case": 0,
                "Rows": "0",
                "Size": "29.68KB",
                "USize": "30392"
            },
            "wp_nquf_comments": {
                "Case": 0,
                "Rows": "0",
                "Size": "7.29KB",
                "USize": "7460"
            },
            "wp_nquf_duplicator_packages": {
                "Case": 0,
                "Rows": "0",
                "Size": "32KB",
                "USize": "32768"
            },
            "wp_nquf_give_donormeta": {
                "Case": 0,
                "Rows": "0",
                "Size": "4KB",
                "USize": "4096"
            },
            "wp_nquf_give_donors": {
                "Case": 0,
                "Rows": "0",
                "Size": "1KB",
                "USize": "1024"
            },
            "wp_nquf_give_formmeta": {
                "Case": 0,
                "Rows": "60",
                "Size": "15.39KB",
                "USize": "15764"
            },
            "wp_nquf_give_logmeta": {
                "Case": 0,
                "Rows": "0",
                "Size": "4KB",
                "USize": "4096"
            },
            "wp_nquf_give_logs": {
                "Case": 0,
                "Rows": "0",
                "Size": "1KB",
                "USize": "1024"
            },
            "wp_nquf_give_paymentmeta": {
                "Case": 0,
                "Rows": "0",
                "Size": "4KB",
                "USize": "4096"
            },
            "wp_nquf_huge_it_contact_contacts": {
                "Case": 0,
                "Rows": "5",
                "Size": "3.31KB",
                "USize": "3392"
            },
            "wp_nquf_huge_it_contact_contacts_fields": {
                "Case": 0,
                "Rows": "38",
                "Size": "6.24KB",
                "USize": "6388"
            },
            "wp_nquf_huge_it_contact_general_options": {
                "Case": 0,
                "Rows": "98",
                "Size": "8.64KB",
                "USize": "8848"
            },
            "wp_nquf_huge_it_contact_styles": {
                "Case": 0,
                "Rows": "5",
                "Size": "2.17KB",
                "USize": "2224"
            },
            "wp_nquf_huge_it_contact_style_fields": {
                "Case": 0,
                "Rows": "450",
                "Size": "50.1KB",
                "USize": "51300"
            },
            "wp_nquf_huge_it_contact_submission": {
                "Case": 0,
                "Rows": "0",
                "Size": "1KB",
                "USize": "1024"
            },
            "wp_nquf_huge_it_contact_subscribers": {
                "Case": 0,
                "Rows": "0",
                "Size": "16KB",
                "USize": "16384"
            },
            "wp_nquf_links": {
                "Case": 0,
                "Rows": "0",
                "Size": "1KB",
                "USize": "1024"
            },
            "wp_nquf_mk_components": {
                "Case": 0,
                "Rows": "18",
                "Size": "6.25KB",
                "USize": "6404"
            },
            "wp_nquf_options": {
                "Case": 0,
                "Rows": "569",
                "Size": "1.8MB",
                "USize": "1888604"
            },
            "wp_nquf_postmeta": {
                "Case": 0,
                "Rows": "4,843",
                "Size": "3.26MB",
                "USize": "3422184"
            },
            "wp_nquf_posts": {
                "Case": 0,
                "Rows": "834",
                "Size": "2.96MB",
                "USize": "3107940"
            },
            "wp_nquf_revslider_css": {
                "Case": 0,
                "Rows": "62",
                "Size": "72.61KB",
                "USize": "74356"
            },
            "wp_nquf_revslider_layer_animations": {
                "Case": 0,
                "Rows": "0",
                "Size": "1KB",
                "USize": "1024"
            },
            "wp_nquf_revslider_navigations": {
                "Case": 0,
                "Rows": "0",
                "Size": "1KB",
                "USize": "1024"
            },
            "wp_nquf_revslider_sliders": {
                "Case": 0,
                "Rows": "1",
                "Size": "12.48KB",
                "USize": "12776"
            },
            "wp_nquf_revslider_slides": {
                "Case": 0,
                "Rows": "1",
                "Size": "31.45KB",
                "USize": "32204"
            },
            "wp_nquf_revslider_static_slides": {
                "Case": 0,
                "Rows": "0",
                "Size": "1KB",
                "USize": "1024"
            },
            "wp_nquf_smush_dir_images": {
                "Case": 0,
                "Rows": "0",
                "Size": "4KB",
                "USize": "4096"
            },
            "wp_nquf_termmeta": {
                "Case": 0,
                "Rows": "0",
                "Size": "4KB",
                "USize": "4096"
            },
            "wp_nquf_terms": {
                "Case": 0,
                "Rows": "29",
                "Size": "14.09KB",
                "USize": "14428"
            },
            "wp_nquf_term_relationships": {
                "Case": 0,
                "Rows": "133",
                "Size": "10.75KB",
                "USize": "11006"
            },
            "wp_nquf_term_taxonomy": {
                "Case": 0,
                "Rows": "29",
                "Size": "5.16KB",
                "USize": "5280"
            },
            "wp_nquf_usermeta": {
                "Case": 0,
                "Rows": "74",
                "Size": "23.12KB",
                "USize": "23672"
            },
            "wp_nquf_users": {
                "Case": 0,
                "Rows": "3",
                "Size": "8.37KB",
                "USize": "8572"
            }
        },
        "RawSize": 8809994,
        "EasySize": "8.4MB"
    },
    "LL": {
        "TotalSize": "8.4MB",
        "Status": {
            "TotalSize": "Good"
        }
    }
}